dbo,__EFMigrationsHistory,BASE TABLE,MigrationId,1,nvarchar,150,NO,NULL,YES,NULL
dbo,__EFMigrationsHistory,BASE TABLE,ProductVersion,2,nvarchar,32,NO,NULL,NO,NULL
dbo,AccommodationDetails,BASE TABLE,Id,1,int,NULL,NO,NULL,YES,NULL
dbo,AccommodationDetails,BASE TABLE,PropertyType,2,nvarchar,100,YES,NULL,NO,NULL
dbo,AccommodationDetails,BASE TABLE,StarRating,3,int,NULL,YES,NULL,NO,NULL
dbo,AccommodationDetails,BASE TABLE,RoomCount,4,int,NULL,YES,NULL,NO,NULL
dbo,AccommodationDetails,BASE TABLE,MaxGuests,5,int,NULL,YES,NULL,NO,NULL
dbo,AccommodationDetails,BASE TABLE,CheckInTime,6,time,NULL,YES,NULL,NO,NULL
dbo,AccommodationDetails,BASE TABLE,CheckOutTime,7,time,NULL,YES,NULL,NO,NULL
dbo,AccommodationDetails,BASE TABLE,Amenities,8,nvarchar,1000,YES,NULL,NO,NULL
dbo,AccommodationDetails,BASE TABLE,PricingInfo,9,nvarchar,500,YES,NULL,NO,NULL
dbo,AccommodationDetails,BASE TABLE,HasWiFi,10,bit,NULL,NO,NULL,NO,NULL
dbo,AccommodationDetails,BASE TABLE,HasParking,11,bit,NULL,NO,NULL,NO,NULL
dbo,AccommodationDetails,BASE TABLE,HasPool,12,bit,NULL,NO,NULL,NO,NULL
dbo,AccommodationDetails,BASE TABLE,HasRestaurant,13,bit,NULL,NO,NULL,NO,NULL
dbo,AccommodationDetails,BASE TABLE,HasGym,14,bit,NULL,NO,NULL,NO,NULL
dbo,AccommodationDetails,BASE TABLE,HasSpa,15,bit,NULL,NO,NULL,NO,NULL
dbo,AccommodationDetails,BASE TABLE,IsPetFriendly,16,bit,NULL,NO,NULL,NO,NULL
dbo,AccommodationDetails,BASE TABLE,HasAirConditioning,17,bit,NULL,NO,NULL,NO,NULL
dbo,AccommodationDetails,BASE TABLE,RoomTypes,18,nvarchar,500,YES,NULL,NO,NULL
dbo,AccommodationDetails,BASE TABLE,RequiresDeposit,19,bit,NULL,NO,NULL,NO,NULL
dbo,AccommodationDetails,BASE TABLE,CancellationPolicy,20,nvarchar,500,YES,NULL,NO,NULL
dbo,AccommodationDetails,BASE TABLE,BusinessId,21,int,NULL,NO,NULL,NO,dbo.Businesses.Id
dbo,AccommodationDetails,BASE TABLE,CreatedAt,22,datetime2,NULL,NO,NULL,NO,NULL
dbo,AccommodationDetails,BASE TABLE,UpdatedAt,23,datetime2,NULL,YES,NULL,NO,NULL
dbo,AccommodationDetails,BASE TABLE,HasBreakfast,24,bit,NULL,NO,"(CONVERT([bit],(0)))",NO,NULL
dbo,AccommodationDetails,BASE TABLE,HasConferenceRoom,25,bit,NULL,NO,"(CONVERT([bit],(0)))",NO,NULL
dbo,AccommodationDetails,BASE TABLE,HasLaundry,26,bit,NULL,NO,"(CONVERT([bit],(0)))",NO,NULL
dbo,AdminMessages,BASE TABLE,Id,1,int,NULL,NO,NULL,YES,NULL
dbo,AdminMessages,BASE TABLE,UserId,2,nvarchar,450,NO,NULL,NO,dbo.AspNetUsers.Id
dbo,AdminMessages,BASE TABLE,TopicId,3,int,NULL,NO,NULL,NO,dbo.AdminMessageTopics.Id
dbo,AdminMessages,BASE TABLE,Subject,4,nvarchar,200,NO,NULL,NO,NULL
dbo,AdminMessages,BASE TABLE,Message,5,nvarchar,2000,NO,NULL,NO,NULL
dbo,AdminMessages,BASE TABLE,Status,6,nvarchar,20,NO,NULL,NO,NULL
dbo,AdminMessages,BASE TABLE,Priority,7,nvarchar,20,NO,NULL,NO,NULL
dbo,AdminMessages,BASE TABLE,CreatedAt,8,datetime2,NULL,NO,(getutcdate()),NO,NULL
dbo,AdminMessages,BASE TABLE,ResolvedAt,9,datetime2,NULL,YES,NULL,NO,NULL
dbo,AdminMessages,BASE TABLE,ResolvedBy,10,nvarchar,450,YES,NULL,NO,dbo.AspNetUsers.Id
dbo,AdminMessages,BASE TABLE,AdminResponse,11,nvarchar,2000,YES,NULL,NO,NULL
dbo,AdminMessages,BASE TABLE,ResponseAt,12,datetime2,NULL,YES,NULL,NO,NULL
dbo,AdminMessages,BASE TABLE,ResponseBy,13,nvarchar,450,YES,NULL,NO,dbo.AspNetUsers.Id
dbo,AdminMessageTopics,BASE TABLE,Id,1,int,NULL,NO,NULL,YES,NULL
dbo,AdminMessageTopics,BASE TABLE,Key,2,nvarchar,50,NO,NULL,NO,NULL
dbo,AdminMessageTopics,BASE TABLE,Name,3,nvarchar,100,NO,NULL,NO,NULL
dbo,AdminMessageTopics,BASE TABLE,Description,4,nvarchar,500,NO,NULL,NO,NULL
dbo,AdminMessageTopics,BASE TABLE,IconClass,5,nvarchar,100,NO,NULL,NO,NULL
dbo,AdminMessageTopics,BASE TABLE,Priority,6,nvarchar,20,NO,NULL,NO,NULL
dbo,AdminMessageTopics,BASE TABLE,ColorClass,7,nvarchar,50,NO,NULL,NO,NULL
dbo,AdminMessageTopics,BASE TABLE,IsActive,8,bit,NULL,NO,NULL,NO,NULL
dbo,AdminMessageTopics,BASE TABLE,SortOrder,9,int,NULL,NO,NULL,NO,NULL
dbo,AdminMessageTopics,BASE TABLE,CreatedAt,10,datetime2,NULL,NO,(getutcdate()),NO,NULL
dbo,AnalyticsAuditLogs,BASE TABLE,Id,1,int,NULL,NO,NULL,YES,NULL
dbo,AnalyticsAuditLogs,BASE TABLE,UserId,2,nvarchar,450,NO,NULL,NO,dbo.AspNetUsers.Id
dbo,AnalyticsAuditLogs,BASE TABLE,Action,3,nvarchar,100,NO,NULL,NO,NULL
dbo,AnalyticsAuditLogs,BASE TABLE,BusinessId,4,nvarchar,50,YES,NULL,NO,NULL
dbo,AnalyticsAuditLogs,BASE TABLE,Platform,5,nvarchar,20,YES,NULL,NO,NULL
dbo,AnalyticsAuditLogs,BASE TABLE,ExportType,6,nvarchar,50,YES,NULL,NO,NULL
dbo,AnalyticsAuditLogs,BASE TABLE,Format,7,nvarchar,20,YES,NULL,NO,NULL
dbo,AnalyticsAuditLogs,BASE TABLE,Details,8,nvarchar,1000,YES,NULL,NO,NULL
dbo,AnalyticsAuditLogs,BASE TABLE,IpAddress,9,nvarchar,45,NO,NULL,NO,NULL
dbo,AnalyticsAuditLogs,BASE TABLE,UserAgent,10,nvarchar,500,NO,NULL,NO,NULL
dbo,AnalyticsAuditLogs,BASE TABLE,Timestamp,11,datetime2,NULL,NO,(getutcdate()),NO,NULL
dbo,AnalyticsAuditLogs,BASE TABLE,IsSuspicious,12,bit,NULL,NO,"(CONVERT([bit],(0)))",NO,NULL
dbo,AnalyticsAuditLogs,BASE TABLE,UserId1,13,nvarchar,450,YES,NULL,NO,dbo.AspNetUsers.Id
dbo,AnalyticsEmailReports,BASE TABLE,Id,1,int,NULL,NO,NULL,YES,NULL
dbo,AnalyticsEmailReports,BASE TABLE,UserId,2,nvarchar,450,NO,NULL,NO,dbo.AspNetUsers.Id
dbo,AnalyticsEmailReports,BASE TABLE,ReportType,3,nvarchar,50,NO,NULL,NO,NULL
dbo,AnalyticsEmailReports,BASE TABLE,Frequency,4,nvarchar,20,NO,NULL,NO,NULL
dbo,AnalyticsEmailReports,BASE TABLE,BusinessId,5,int,NULL,YES,NULL,NO,dbo.Businesses.Id
dbo,AnalyticsEmailReports,BASE TABLE,CreatedAt,6,datetime2,NULL,NO,(getutcdate()),NO,NULL
dbo,AnalyticsEmailReports,BASE TABLE,LastSentAt,7,datetime2,NULL,YES,NULL,NO,NULL
dbo,AnalyticsEmailReports,BASE TABLE,NextScheduledAt,8,datetime2,NULL,YES,NULL,NO,NULL
dbo,AnalyticsEmailReports,BASE TABLE,IsActive,9,bit,NULL,NO,NULL,NO,NULL
dbo,AnalyticsEmailReports,BASE TABLE,EmailAddress,10,nvarchar,500,YES,NULL,NO,NULL
dbo,AnalyticsEmailReports,BASE TABLE,CustomMessage,11,nvarchar,1000,YES,NULL,NO,NULL
dbo,AnalyticsEmailReports,BASE TABLE,SendCount,12,int,NULL,NO,NULL,NO,NULL
dbo,AnalyticsEmailReports,BASE TABLE,ExpiresAt,13,datetime2,NULL,YES,NULL,NO,NULL
dbo,AnalyticsEmailReports,BASE TABLE,UserId1,14,nvarchar,450,NO,NULL,NO,dbo.AspNetUsers.Id
dbo,AnalyticsEmailReports,BASE TABLE,BusinessId1,15,int,NULL,YES,NULL,NO,dbo.Businesses.Id
dbo,AnalyticsErrorLogs,BASE TABLE,Id,1,int,NULL,NO,NULL,YES,NULL
dbo,AnalyticsErrorLogs,BASE TABLE,UserId,2,nvarchar,450,NO,NULL,NO,dbo.AspNetUsers.Id
dbo,AnalyticsErrorLogs,BASE TABLE,ErrorType,3,nvarchar,100,NO,NULL,NO,NULL
dbo,AnalyticsErrorLogs,BASE TABLE,ErrorCategory,4,nvarchar,200,NO,NULL,NO,NULL
dbo,AnalyticsErrorLogs,BASE TABLE,ErrorMessage,5,nvarchar,500,NO,NULL,NO,NULL
dbo,AnalyticsErrorLogs,BASE TABLE,StackTrace,6,nvarchar,-1,YES,NULL,NO,NULL
dbo,AnalyticsErrorLogs,BASE TABLE,Context,7,nvarchar,-1,YES,NULL,NO,NULL
dbo,AnalyticsErrorLogs,BASE TABLE,Severity,8,nvarchar,20,NO,(N'Medium'),NO,NULL
dbo,AnalyticsErrorLogs,BASE TABLE,IsResolved,9,bit,NULL,NO,"(CONVERT([bit],(0)))",NO,NULL
dbo,AnalyticsErrorLogs,BASE TABLE,ResolvedAt,10,datetime2,NULL,YES,NULL,NO,NULL
dbo,AnalyticsErrorLogs,BASE TABLE,ResolvedBy,11,nvarchar,450,YES,NULL,NO,dbo.AspNetUsers.Id
dbo,AnalyticsErrorLogs,BASE TABLE,Platform,12,nvarchar,100,YES,NULL,NO,NULL
dbo,AnalyticsErrorLogs,BASE TABLE,UserAgent,13,nvarchar,500,YES,NULL,NO,NULL
dbo,AnalyticsErrorLogs,BASE TABLE,IpAddress,14,nvarchar,45,YES,NULL,NO,NULL
dbo,AnalyticsErrorLogs,BASE TABLE,CreatedAt,15,datetime2,NULL,NO,(getutcdate()),NO,NULL
dbo,AnalyticsErrorLogs,BASE TABLE,UserId1,16,nvarchar,450,YES,NULL,NO,dbo.AspNetUsers.Id
dbo,AnalyticsErrorLogs,BASE TABLE,ResolvedByUserId,17,nvarchar,450,YES,NULL,NO,dbo.AspNetUsers.Id
dbo,AnalyticsEvents,BASE TABLE,Id,1,int,NULL,NO,NULL,YES,NULL
dbo,AnalyticsEvents,BASE TABLE,EventType,2,nvarchar,50,NO,NULL,NO,NULL
dbo,AnalyticsEvents,BASE TABLE,UserId,3,nvarchar,450,YES,NULL,NO,dbo.AspNetUsers.Id
dbo,AnalyticsEvents,BASE TABLE,BusinessId,4,int,NULL,YES,NULL,NO,dbo.Businesses.Id
dbo,AnalyticsEvents,BASE TABLE,Platform,5,nvarchar,20,YES,NULL,NO,NULL
dbo,AnalyticsEvents,BASE TABLE,IpAddress,6,nvarchar,45,YES,NULL,NO,NULL
dbo,AnalyticsEvents,BASE TABLE,UserAgent,7,nvarchar,500,YES,NULL,NO,NULL
dbo,AnalyticsEvents,BASE TABLE,SessionId,8,nvarchar,100,YES,NULL,NO,NULL
dbo,AnalyticsEvents,BASE TABLE,EventData,9,nvarchar,-1,YES,NULL,NO,NULL
dbo,AnalyticsEvents,BASE TABLE,ErrorMessage,10,nvarchar,1000,YES,NULL,NO,NULL
dbo,AnalyticsEvents,BASE TABLE,Severity,11,nvarchar,20,YES,NULL,NO,NULL
dbo,AnalyticsEvents,BASE TABLE,OccurredAt,12,datetime2,NULL,NO,NULL,NO,NULL
dbo,AnalyticsEvents,BASE TABLE,RecordedAt,13,datetime2,NULL,NO,NULL,NO,NULL
dbo,AnalyticsEvents,BASE TABLE,BusinessId1,14,int,NULL,YES,NULL,NO,dbo.Businesses.Id
dbo,AnalyticsEvents,BASE TABLE,UserId1,15,nvarchar,450,YES,NULL,NO,dbo.AspNetUsers.Id
dbo,AnalyticsPerformanceLogs,BASE TABLE,Id,1,int,NULL,NO,NULL,YES,NULL
dbo,AnalyticsPerformanceLogs,BASE TABLE,UserId,2,nvarchar,450,NO,NULL,NO,dbo.AspNetUsers.Id
dbo,AnalyticsPerformanceLogs,BASE TABLE,MetricType,3,nvarchar,100,NO,NULL,NO,NULL
dbo,AnalyticsPerformanceLogs,BASE TABLE,MetricName,4,nvarchar,200,NO,NULL,NO,NULL
dbo,AnalyticsPerformanceLogs,BASE TABLE,Value,5,float,NULL,NO,NULL,NO,NULL
dbo,AnalyticsPerformanceLogs,BASE TABLE,Unit,6,nvarchar,50,YES,NULL,NO,NULL
dbo,AnalyticsPerformanceLogs,BASE TABLE,IsSuccess,7,bit,NULL,NO,"(CONVERT([bit],(1)))",NO,NULL
dbo,AnalyticsPerformanceLogs,BASE TABLE,ErrorMessage,8,nvarchar,500,YES,NULL,NO,NULL
dbo,AnalyticsPerformanceLogs,BASE TABLE,Platform,9,nvarchar,100,YES,NULL,NO,NULL
dbo,AnalyticsPerformanceLogs,BASE TABLE,UserAgent,10,nvarchar,500,YES,NULL,NO,NULL
dbo,AnalyticsPerformanceLogs,BASE TABLE,IpAddress,11,nvarchar,45,YES,NULL,NO,NULL
dbo,AnalyticsPerformanceLogs,BASE TABLE,Context,12,nvarchar,-1,YES,NULL,NO,NULL
dbo,AnalyticsPerformanceLogs,BASE TABLE,CreatedAt,13,datetime2,NULL,NO,(getutcdate()),NO,NULL
dbo,AnalyticsPerformanceLogs,BASE TABLE,UserId1,14,nvarchar,450,YES,NULL,NO,dbo.AspNetUsers.Id
dbo,AnalyticsShareableLinks,BASE TABLE,Id,1,int,NULL,NO,NULL,YES,NULL
dbo,AnalyticsShareableLinks,BASE TABLE,UserId,2,nvarchar,450,NO,NULL,NO,dbo.AspNetUsers.Id
dbo,AnalyticsShareableLinks,BASE TABLE,LinkToken,3,nvarchar,100,NO,NULL,NO,NULL
dbo,AnalyticsShareableLinks,BASE TABLE,DashboardType,4,nvarchar,50,NO,NULL,NO,NULL
dbo,AnalyticsShareableLinks,BASE TABLE,BusinessId,5,int,NULL,YES,NULL,NO,dbo.Businesses.Id
dbo,AnalyticsShareableLinks,BASE TABLE,CreatedAt,6,datetime2,NULL,NO,(getutcdate()),NO,NULL
dbo,AnalyticsShareableLinks,BASE TABLE,ExpiresAt,7,datetime2,NULL,YES,NULL,NO,NULL
dbo,AnalyticsShareableLinks,BASE TABLE,IsActive,8,bit,NULL,NO,NULL,NO,NULL
dbo,AnalyticsShareableLinks,BASE TABLE,AccessCount,9,int,NULL,NO,NULL,NO,NULL
dbo,AnalyticsShareableLinks,BASE TABLE,LastAccessedAt,10,datetime2,NULL,YES,NULL,NO,NULL
dbo,AnalyticsShareableLinks,BASE TABLE,Description,11,nvarchar,500,YES,NULL,NO,NULL
dbo,AnalyticsShareableLinks,BASE TABLE,UserId1,12,nvarchar,450,NO,NULL,NO,dbo.AspNetUsers.Id
dbo,AnalyticsShareableLinks,BASE TABLE,BusinessId1,13,int,NULL,YES,NULL,NO,dbo.Businesses.Id
dbo,AnalyticsSnapshots,BASE TABLE,Id,1,int,NULL,NO,NULL,YES,NULL
dbo,AnalyticsSnapshots,BASE TABLE,BusinessId,2,int,NULL,NO,NULL,NO,dbo.Businesses.Id
dbo,AnalyticsSnapshots,BASE TABLE,SnapshotDate,3,date,NULL,NO,NULL,NO,NULL
dbo,AnalyticsSnapshots,BASE TABLE,TotalViews,4,int,NULL,NO,((0)),NO,NULL
dbo,AnalyticsSnapshots,BASE TABLE,TotalReviews,5,int,NULL,NO,((0)),NO,NULL
dbo,AnalyticsSnapshots,BASE TABLE,TotalFavorites,6,int,NULL,NO,((0)),NO,NULL
dbo,AnalyticsSnapshots,BASE TABLE,AverageRating,7,decimal,NULL,YES,NULL,NO,NULL
dbo,AnalyticsSnapshots,BASE TABLE,EngagementScore,8,decimal,NULL,YES,NULL,NO,NULL
dbo,AnalyticsSnapshots,BASE TABLE,CreatedAt,9,datetime2,NULL,NO,(getutcdate()),NO,NULL
dbo,AnalyticsUsageLogs,BASE TABLE,Id,1,int,NULL,NO,NULL,YES,NULL
dbo,AnalyticsUsageLogs,BASE TABLE,UserId,2,nvarchar,450,NO,NULL,NO,dbo.AspNetUsers.Id
dbo,AnalyticsUsageLogs,BASE TABLE,UsageType,3,nvarchar,100,NO,NULL,NO,NULL
dbo,AnalyticsUsageLogs,BASE TABLE,FeatureName,4,nvarchar,200,NO,NULL,NO,NULL
dbo,AnalyticsUsageLogs,BASE TABLE,Duration,5,float,NULL,YES,NULL,NO,NULL
dbo,AnalyticsUsageLogs,BASE TABLE,InteractionType,6,nvarchar,100,YES,NULL,NO,NULL
dbo,AnalyticsUsageLogs,BASE TABLE,Metadata,7,nvarchar,-1,YES,NULL,NO,NULL
dbo,AnalyticsUsageLogs,BASE TABLE,Platform,8,nvarchar,100,YES,NULL,NO,NULL
dbo,AnalyticsUsageLogs,BASE TABLE,UserAgent,9,nvarchar,500,YES,NULL,NO,NULL
dbo,AnalyticsUsageLogs,BASE TABLE,IpAddress,10,nvarchar,45,YES,NULL,NO,NULL
dbo,AnalyticsUsageLogs,BASE TABLE,SessionId,11,nvarchar,100,YES,NULL,NO,NULL
dbo,AnalyticsUsageLogs,BASE TABLE,CreatedAt,12,datetime2,NULL,NO,(getutcdate()),NO,NULL
dbo,AnalyticsUsageLogs,BASE TABLE,UserId1,13,nvarchar,450,YES,NULL,NO,dbo.AspNetUsers.Id
dbo,AnomalyDetections,BASE TABLE,Id,1,int,NULL,NO,NULL,YES,NULL
dbo,AnomalyDetections,BASE TABLE,UserId,2,nvarchar,450,NO,NULL,NO,dbo.AspNetUsers.Id
dbo,AnomalyDetections,BASE TABLE,BusinessId,3,int,NULL,YES,NULL,NO,dbo.Businesses.Id
dbo,AnomalyDetections,BASE TABLE,MetricType,4,nvarchar,100,NO,NULL,NO,NULL
dbo,AnomalyDetections,BASE TABLE,Date,5,datetime2,NULL,NO,NULL,NO,NULL
dbo,AnomalyDetections,BASE TABLE,ActualValue,6,float,NULL,NO,NULL,NO,NULL
dbo,AnomalyDetections,BASE TABLE,ExpectedValue,7,float,NULL,NO,NULL,NO,NULL
dbo,AnomalyDetections,BASE TABLE,Deviation,8,float,NULL,NO,NULL,NO,NULL
dbo,AnomalyDetections,BASE TABLE,DeviationPercentage,9,float,NULL,NO,NULL,NO,NULL
dbo,AnomalyDetections,BASE TABLE,Severity,10,nvarchar,20,NO,NULL,NO,NULL
dbo,AnomalyDetections,BASE TABLE,Context,11,nvarchar,1000,YES,NULL,NO,NULL
dbo,AnomalyDetections,BASE TABLE,PossibleCauses,12,nvarchar,-1,YES,NULL,NO,NULL
dbo,AnomalyDetections,BASE TABLE,Recommendations,13,nvarchar,-1,YES,NULL,NO,NULL
dbo,AnomalyDetections,BASE TABLE,IsAcknowledged,14,bit,NULL,NO,"(CONVERT([bit],(0)))",NO,NULL
dbo,AnomalyDetections,BASE TABLE,AcknowledgedAt,15,datetime2,NULL,YES,NULL,NO,NULL
dbo,AnomalyDetections,BASE TABLE,AcknowledgedBy,16,nvarchar,450,YES,NULL,NO,dbo.AspNetUsers.Id
dbo,AnomalyDetections,BASE TABLE,CreatedAt,17,datetime2,NULL,NO,(getutcdate()),NO,NULL
dbo,AnomalyDetections,BASE TABLE,AcknowledgedByUserId,18,nvarchar,450,YES,NULL,NO,dbo.AspNetUsers.Id
dbo,AnomalyDetections,BASE TABLE,BusinessId1,19,int,NULL,YES,NULL,NO,dbo.Businesses.Id
dbo,AnomalyDetections,BASE TABLE,UserId1,20,nvarchar,450,YES,NULL,NO,dbo.AspNetUsers.Id
dbo,AspNetRoleClaims,BASE TABLE,Id,1,int,NULL,NO,NULL,YES,NULL
dbo,AspNetRoleClaims,BASE TABLE,RoleId,2,nvarchar,450,NO,NULL,NO,dbo.AspNetRoles.Id
dbo,AspNetRoleClaims,BASE TABLE,ClaimType,3,nvarchar,-1,YES,NULL,NO,NULL
dbo,AspNetRoleClaims,BASE TABLE,ClaimValue,4,nvarchar,-1,YES,NULL,NO,NULL
dbo,AspNetRoles,BASE TABLE,Id,1,nvarchar,450,NO,NULL,YES,NULL
dbo,AspNetRoles,BASE TABLE,Name,2,nvarchar,256,YES,NULL,NO,NULL
dbo,AspNetRoles,BASE TABLE,NormalizedName,3,nvarchar,256,YES,NULL,NO,NULL
dbo,AspNetRoles,BASE TABLE,ConcurrencyStamp,4,nvarchar,-1,YES,NULL,NO,NULL
dbo,AspNetUserClaims,BASE TABLE,Id,1,int,NULL,NO,NULL,YES,NULL
dbo,AspNetUserClaims,BASE TABLE,UserId,2,nvarchar,450,NO,NULL,NO,dbo.AspNetUsers.Id
dbo,AspNetUserClaims,BASE TABLE,ClaimType,3,nvarchar,-1,YES,NULL,NO,NULL
dbo,AspNetUserClaims,BASE TABLE,ClaimValue,4,nvarchar,-1,YES,NULL,NO,NULL
dbo,AspNetUserLogins,BASE TABLE,LoginProvider,1,nvarchar,450,NO,NULL,YES,NULL
dbo,AspNetUserLogins,BASE TABLE,ProviderKey,2,nvarchar,450,NO,NULL,YES,NULL
dbo,AspNetUserLogins,BASE TABLE,ProviderDisplayName,3,nvarchar,-1,YES,NULL,NO,NULL
dbo,AspNetUserLogins,BASE TABLE,UserId,4,nvarchar,450,NO,NULL,NO,dbo.AspNetUsers.Id
dbo,AspNetUserRoles,BASE TABLE,UserId,1,nvarchar,450,NO,NULL,YES,dbo.AspNetUsers.Id
dbo,AspNetUserRoles,BASE TABLE,RoleId,2,nvarchar,450,NO,NULL,YES,dbo.AspNetRoles.Id
dbo,AspNetUsers,BASE TABLE,Id,1,nvarchar,450,NO,NULL,YES,NULL
dbo,AspNetUsers,BASE TABLE,UserName,2,nvarchar,256,YES,NULL,NO,NULL
dbo,AspNetUsers,BASE TABLE,NormalizedUserName,3,nvarchar,256,YES,NULL,NO,NULL
dbo,AspNetUsers,BASE TABLE,Email,4,nvarchar,256,YES,NULL,NO,NULL
dbo,AspNetUsers,BASE TABLE,NormalizedEmail,5,nvarchar,256,YES,NULL,NO,NULL
dbo,AspNetUsers,BASE TABLE,EmailConfirmed,6,bit,NULL,NO,NULL,NO,NULL
dbo,AspNetUsers,BASE TABLE,PasswordHash,7,nvarchar,-1,YES,NULL,NO,NULL
dbo,AspNetUsers,BASE TABLE,SecurityStamp,8,nvarchar,-1,YES,NULL,NO,NULL
dbo,AspNetUsers,BASE TABLE,ConcurrencyStamp,9,nvarchar,-1,YES,NULL,NO,NULL
dbo,AspNetUsers,BASE TABLE,PhoneNumber,10,nvarchar,-1,YES,NULL,NO,NULL
dbo,AspNetUsers,BASE TABLE,PhoneNumberConfirmed,11,bit,NULL,NO,NULL,NO,NULL
dbo,AspNetUsers,BASE TABLE,TwoFactorEnabled,12,bit,NULL,NO,NULL,NO,NULL
dbo,AspNetUsers,BASE TABLE,LockoutEnd,13,datetimeoffset,NULL,YES,NULL,NO,NULL
dbo,AspNetUsers,BASE TABLE,LockoutEnabled,14,bit,NULL,NO,NULL,NO,NULL
dbo,AspNetUsers,BASE TABLE,AccessFailedCount,15,int,NULL,NO,NULL,NO,NULL
dbo,AspNetUsers,BASE TABLE,AuthenticationMethod,16,nvarchar,-1,NO,(N''),NO,NULL
dbo,AspNetUsers,BASE TABLE,CreatedAt,17,datetime2,NULL,NO,('0001-01-01T00:00:00.0000000'),NO,NULL
dbo,AspNetUsers,BASE TABLE,CurrentSubscriptionTier,18,nvarchar,-1,YES,NULL,NO,NULL
dbo,AspNetUsers,BASE TABLE,FacebookId,19,nvarchar,-1,YES,NULL,NO,NULL
dbo,AspNetUsers,BASE TABLE,FirstName,20,nvarchar,50,NO,(N''),NO,NULL
dbo,AspNetUsers,BASE TABLE,GoogleId,21,nvarchar,-1,YES,NULL,NO,NULL
dbo,AspNetUsers,BASE TABLE,HasActiveSubscription,22,bit,NULL,NO,"(CONVERT([bit],(0)))",NO,NULL
dbo,AspNetUsers,BASE TABLE,IsActive,23,bit,NULL,NO,"(CONVERT([bit],(0)))",NO,NULL
dbo,AspNetUsers,BASE TABLE,LastLoginAt,24,datetime2,NULL,YES,NULL,NO,NULL
dbo,AspNetUsers,BASE TABLE,LastName,25,nvarchar,50,NO,(N''),NO,NULL
dbo,AspNetUsers,BASE TABLE,Location,26,nvarchar,200,YES,NULL,NO,NULL
dbo,AspNetUsers,BASE TABLE,ProfilePictureUrl,27,nvarchar,-1,YES,NULL,NO,NULL
dbo,AspNetUsers,BASE TABLE,SubscriptionEndDate,28,datetime2,NULL,YES,NULL,NO,NULL
dbo,AspNetUsers,BASE TABLE,SubscriptionStartDate,29,datetime2,NULL,YES,NULL,NO,NULL
dbo,AspNetUsers,BASE TABLE,IsTrialUser,30,bit,NULL,NO,"(CONVERT([bit],(0)))",NO,NULL
dbo,AspNetUsers,BASE TABLE,LastTrialCheck,31,datetime2,NULL,YES,NULL,NO,NULL
dbo,AspNetUsers,BASE TABLE,TrialCheckCount,32,int,NULL,NO,((0)),NO,NULL
dbo,AspNetUsers,BASE TABLE,TrialEndDate,33,datetime2,NULL,YES,NULL,NO,NULL
dbo,AspNetUsers,BASE TABLE,TrialEndTicks,34,bigint,NULL,NO,"(CONVERT([bigint],(0)))",NO,NULL
dbo,AspNetUsers,BASE TABLE,TrialExpired,35,bit,NULL,NO,"(CONVERT([bit],(0)))",NO,NULL
dbo,AspNetUsers,BASE TABLE,TrialSecurityHash,36,nvarchar,-1,YES,NULL,NO,NULL
dbo,AspNetUsers,BASE TABLE,TrialStartDate,37,datetime2,NULL,YES,NULL,NO,NULL
dbo,AspNetUsers,BASE TABLE,TrialStartTicks,38,bigint,NULL,NO,"(CONVERT([bigint],(0)))",NO,NULL
dbo,AspNetUserTokens,BASE TABLE,UserId,1,nvarchar,450,NO,NULL,YES,dbo.AspNetUsers.Id
dbo,AspNetUserTokens,BASE TABLE,LoginProvider,2,nvarchar,450,NO,NULL,YES,NULL
dbo,AspNetUserTokens,BASE TABLE,Name,3,nvarchar,450,NO,NULL,YES,NULL
dbo,AspNetUserTokens,BASE TABLE,Value,4,nvarchar,-1,YES,NULL,NO,NULL
dbo,BusinessAlerts,BASE TABLE,Id,1,int,NULL,NO,NULL,YES,NULL
dbo,BusinessAlerts,BASE TABLE,BusinessId,2,int,NULL,NO,NULL,NO,dbo.Businesses.Id
dbo,BusinessAlerts,BASE TABLE,AlertType,3,nvarchar,100,NO,NULL,NO,NULL
dbo,BusinessAlerts,BASE TABLE,Title,4,nvarchar,200,NO,NULL,NO,NULL
dbo,BusinessAlerts,BASE TABLE,Message,5,nvarchar,1000,NO,NULL,NO,NULL
dbo,BusinessAlerts,BASE TABLE,CreatedAt,6,datetime2,NULL,NO,NULL,NO,NULL
dbo,BusinessAlerts,BASE TABLE,ExpiresAt,7,datetime2,NULL,YES,NULL,NO,NULL
dbo,BusinessAlerts,BASE TABLE,IsActive,8,bit,NULL,NO,NULL,NO,NULL
dbo,BusinessAlerts,BASE TABLE,IsPushNotification,9,bit,NULL,NO,NULL,NO,NULL
dbo,BusinessAlerts,BASE TABLE,Priority,10,nvarchar,50,NO,NULL,NO,NULL
dbo,BusinessCategories,BASE TABLE,Id,1,int,NULL,NO,NULL,YES,NULL
dbo,BusinessCategories,BASE TABLE,Key,2,nvarchar,100,NO,NULL,NO,NULL
dbo,BusinessCategories,BASE TABLE,Name,3,nvarchar,100,NO,NULL,NO,NULL
dbo,BusinessCategories,BASE TABLE,Description,4,nvarchar,500,YES,NULL,NO,NULL
dbo,BusinessCategories,BASE TABLE,IconClass,5,nvarchar,100,YES,NULL,NO,NULL
dbo,BusinessCategories,BASE TABLE,IsActive,6,bit,NULL,NO,NULL,NO,NULL
dbo,BusinessCategories,BASE TABLE,FormType,7,int,NULL,NO,NULL,NO,NULL
dbo,BusinessContacts,BASE TABLE,Id,1,int,NULL,NO,NULL,YES,NULL
dbo,BusinessContacts,BASE TABLE,BusinessId,2,int,NULL,NO,NULL,NO,dbo.Businesses.Id
dbo,BusinessContacts,BASE TABLE,ContactType,3,nvarchar,-1,NO,NULL,NO,NULL
dbo,BusinessContacts,BASE TABLE,ContactValue,4,nvarchar,-1,NO,NULL,NO,NULL
dbo,BusinessContacts,BASE TABLE,IsPrimary,5,bit,NULL,NO,NULL,NO,NULL
dbo,BusinessContacts,BASE TABLE,IsActive,6,bit,NULL,NO,NULL,NO,NULL
dbo,BusinessContacts,BASE TABLE,DisplayOrder,7,int,NULL,NO,NULL,NO,NULL
dbo,BusinessContacts,BASE TABLE,CreatedAt,8,datetime2,NULL,NO,NULL,NO,NULL
dbo,Businesses,BASE TABLE,Id,1,int,NULL,NO,NULL,YES,NULL
dbo,Businesses,BASE TABLE,Name,2,nvarchar,100,NO,NULL,NO,NULL
dbo,Businesses,BASE TABLE,Category,3,nvarchar,50,NO,NULL,NO,NULL
dbo,Businesses,BASE TABLE,TownId,4,int,NULL,NO,NULL,NO,dbo.Towns.Id
dbo,Businesses,BASE TABLE,Description,5,nvarchar,1000,NO,NULL,NO,NULL
dbo,Businesses,BASE TABLE,PhoneNumber,6,nvarchar,20,NO,NULL,NO,NULL
dbo,Businesses,BASE TABLE,EmailAddress,7,nvarchar,100,YES,NULL,NO,NULL
dbo,Businesses,BASE TABLE,Website,8,nvarchar,200,YES,NULL,NO,NULL
dbo,Businesses,BASE TABLE,PhysicalAddress,9,nvarchar,500,NO,NULL,NO,NULL
dbo,Businesses,BASE TABLE,CoverImageUrl,10,nvarchar,-1,YES,NULL,NO,NULL
dbo,Businesses,BASE TABLE,LogoUrl,11,nvarchar,-1,YES,NULL,NO,NULL
dbo,Businesses,BASE TABLE,ShortDescription,12,nvarchar,500,YES,NULL,NO,NULL
dbo,Businesses,BASE TABLE,ApprovedBy,13,nvarchar,-1,YES,NULL,NO,NULL
dbo,Businesses,BASE TABLE,IsFeatured,14,bit,NULL,NO,NULL,NO,NULL
dbo,Businesses,BASE TABLE,IsVerified,15,bit,NULL,NO,NULL,NO,NULL
dbo,Businesses,BASE TABLE,CreatedAt,16,datetime2,NULL,NO,(getutcdate()),NO,NULL
dbo,Businesses,BASE TABLE,UpdatedAt,17,datetime2,NULL,YES,NULL,NO,NULL
dbo,Businesses,BASE TABLE,UserId,18,nvarchar,450,NO,NULL,NO,dbo.AspNetUsers.Id
dbo,Businesses,BASE TABLE,ApprovedByUserId,19,nvarchar,450,YES,NULL,NO,dbo.AspNetUsers.Id
dbo,Businesses,BASE TABLE,ApprovedAt,20,datetime2,NULL,YES,NULL,NO,NULL
dbo,Businesses,BASE TABLE,Latitude,21,decimal,NULL,YES,NULL,NO,NULL
dbo,Businesses,BASE TABLE,Longitude,22,decimal,NULL,YES,NULL,NO,NULL
dbo,Businesses,BASE TABLE,PhoneNumber2,23,nvarchar,50,YES,NULL,NO,NULL
dbo,Businesses,BASE TABLE,Rating,24,decimal,NULL,YES,NULL,NO,NULL
dbo,Businesses,BASE TABLE,Status,25,nvarchar,20,NO,(N'Pending'),NO,NULL
dbo,Businesses,BASE TABLE,SubCategory,26,nvarchar,100,YES,NULL,NO,NULL
dbo,Businesses,BASE TABLE,TotalReviews,27,int,NULL,NO,((0)),NO,NULL
dbo,Businesses,BASE TABLE,ViewCount,28,int,NULL,NO,((0)),NO,NULL
dbo,BusinessHours,BASE TABLE,Id,1,int,NULL,NO,NULL,YES,NULL
dbo,BusinessHours,BASE TABLE,BusinessId,2,int,NULL,NO,NULL,NO,dbo.Businesses.Id
dbo,BusinessHours,BASE TABLE,DayOfWeek,3,int,NULL,NO,NULL,NO,NULL
dbo,BusinessHours,BASE TABLE,OpenTime,4,time,NULL,YES,NULL,NO,NULL
dbo,BusinessHours,BASE TABLE,CloseTime,5,time,NULL,YES,NULL,NO,NULL
dbo,BusinessHours,BASE TABLE,IsOpen,6,bit,NULL,NO,NULL,NO,NULL
dbo,BusinessHours,BASE TABLE,IsSpecialHours,7,bit,NULL,NO,NULL,NO,NULL
dbo,BusinessHours,BASE TABLE,SpecialHoursNote,8,nvarchar,-1,YES,NULL,NO,NULL
dbo,BusinessImages,BASE TABLE,Id,1,int,NULL,NO,NULL,YES,NULL
dbo,BusinessImages,BASE TABLE,BusinessId,2,int,NULL,NO,NULL,NO,dbo.Businesses.Id
dbo,BusinessImages,BASE TABLE,ImageType,3,nvarchar,-1,NO,NULL,NO,NULL
dbo,BusinessImages,BASE TABLE,FileName,4,nvarchar,-1,NO,NULL,NO,NULL
dbo,BusinessImages,BASE TABLE,OriginalFileName,5,nvarchar,-1,NO,NULL,NO,NULL
dbo,BusinessImages,BASE TABLE,FileSize,6,bigint,NULL,NO,NULL,NO,NULL
dbo,BusinessImages,BASE TABLE,ContentType,7,nvarchar,-1,NO,NULL,NO,NULL
dbo,BusinessImages,BASE TABLE,ImageUrl,8,nvarchar,-1,NO,NULL,NO,NULL
dbo,BusinessImages,BASE TABLE,ThumbnailUrl,9,nvarchar,-1,YES,NULL,NO,NULL
dbo,BusinessImages,BASE TABLE,AltText,10,nvarchar,-1,YES,NULL,NO,NULL
dbo,BusinessImages,BASE TABLE,DisplayOrder,11,int,NULL,NO,NULL,NO,NULL
dbo,BusinessImages,BASE TABLE,IsActive,12,bit,NULL,NO,NULL,NO,NULL
dbo,BusinessImages,BASE TABLE,IsApproved,13,bit,NULL,NO,NULL,NO,NULL
dbo,BusinessImages,BASE TABLE,UploadedAt,14,datetime2,NULL,NO,NULL,NO,NULL
dbo,BusinessImages,BASE TABLE,ApprovedAt,15,datetime2,NULL,YES,NULL,NO,NULL
dbo,BusinessImages,BASE TABLE,ApprovedBy,16,nvarchar,-1,YES,NULL,NO,NULL
dbo,BusinessImages,BASE TABLE,ApprovedByUserId,17,nvarchar,450,YES,NULL,NO,dbo.AspNetUsers.Id
dbo,BusinessImages,BASE TABLE,UpdatedAt,18,datetime2,NULL,YES,NULL,NO,NULL
dbo,BusinessReviewResponses,BASE TABLE,Id,1,int,NULL,NO,NULL,YES,NULL
dbo,BusinessReviewResponses,BASE TABLE,BusinessReviewId,2,int,NULL,NO,NULL,NO,dbo.BusinessReviews.Id
dbo,BusinessReviewResponses,BASE TABLE,UserId,3,nvarchar,450,NO,NULL,NO,dbo.AspNetUsers.Id
dbo,BusinessReviewResponses,BASE TABLE,Response,4,nvarchar,1000,NO,NULL,NO,NULL
dbo,BusinessReviewResponses,BASE TABLE,IsActive,5,bit,NULL,NO,NULL,NO,NULL
dbo,BusinessReviewResponses,BASE TABLE,CreatedAt,6,datetime2,NULL,NO,(getutcdate()),NO,NULL
dbo,BusinessReviewResponses,BASE TABLE,UpdatedAt,7,datetime2,NULL,YES,NULL,NO,NULL
dbo,BusinessReviews,BASE TABLE,Id,1,int,NULL,NO,NULL,YES,NULL
dbo,BusinessReviews,BASE TABLE,BusinessId,2,int,NULL,NO,NULL,NO,dbo.Businesses.Id
dbo,BusinessReviews,BASE TABLE,UserId,3,nvarchar,450,NO,NULL,NO,dbo.AspNetUsers.Id
dbo,BusinessReviews,BASE TABLE,Rating,4,int,NULL,NO,NULL,NO,NULL
dbo,BusinessReviews,BASE TABLE,Comment,5,nvarchar,1000,YES,NULL,NO,NULL
dbo,BusinessReviews,BASE TABLE,IsApproved,6,bit,NULL,NO,NULL,NO,NULL
dbo,BusinessReviews,BASE TABLE,IsActive,7,bit,NULL,NO,NULL,NO,NULL
dbo,BusinessReviews,BASE TABLE,CreatedAt,8,datetime2,NULL,NO,(getutcdate()),NO,NULL
dbo,BusinessReviews,BASE TABLE,UpdatedAt,9,datetime2,NULL,YES,NULL,NO,NULL
dbo,BusinessServices,BASE TABLE,Id,1,int,NULL,NO,NULL,YES,NULL
dbo,BusinessServices,BASE TABLE,BusinessId,2,int,NULL,NO,NULL,NO,dbo.Businesses.Id
dbo,BusinessServices,BASE TABLE,ServiceType,3,nvarchar,-1,NO,NULL,NO,NULL
dbo,BusinessServices,BASE TABLE,ServiceName,4,nvarchar,-1,NO,NULL,NO,NULL
dbo,BusinessServices,BASE TABLE,Description,5,nvarchar,-1,YES,NULL,NO,NULL
dbo,BusinessServices,BASE TABLE,IsActive,6,bit,NULL,NO,NULL,NO,NULL
dbo,BusinessSubCategories,BASE TABLE,Id,1,int,NULL,NO,NULL,YES,NULL
dbo,BusinessSubCategories,BASE TABLE,CategoryId,2,int,NULL,NO,NULL,NO,dbo.BusinessCategories.Id
dbo,BusinessSubCategories,BASE TABLE,Key,3,nvarchar,100,NO,NULL,NO,NULL
dbo,BusinessSubCategories,BASE TABLE,Name,4,nvarchar,100,NO,NULL,NO,NULL
dbo,BusinessSubCategories,BASE TABLE,IsActive,5,bit,NULL,NO,NULL,NO,NULL
dbo,BusinessViewLogs,BASE TABLE,Id,1,int,NULL,NO,NULL,YES,NULL
dbo,BusinessViewLogs,BASE TABLE,BusinessId,2,int,NULL,NO,NULL,NO,dbo.Businesses.Id
dbo,BusinessViewLogs,BASE TABLE,UserId,3,nvarchar,450,YES,NULL,NO,dbo.AspNetUsers.Id
dbo,BusinessViewLogs,BASE TABLE,IpAddress,4,nvarchar,45,YES,NULL,NO,NULL
dbo,BusinessViewLogs,BASE TABLE,UserAgent,5,nvarchar,500,YES,NULL,NO,NULL
dbo,BusinessViewLogs,BASE TABLE,Referrer,6,nvarchar,500,YES,NULL,NO,NULL
dbo,BusinessViewLogs,BASE TABLE,SessionId,7,nvarchar,100,YES,NULL,NO,NULL
dbo,BusinessViewLogs,BASE TABLE,ViewedAt,8,datetime2,NULL,NO,NULL,NO,NULL
dbo,BusinessViewLogs,BASE TABLE,Platform,9,nvarchar,20,NO,(N'Web'),NO,NULL
dbo,CustomMetricDataPoints,BASE TABLE,Id,1,int,NULL,NO,NULL,YES,NULL
dbo,CustomMetricDataPoints,BASE TABLE,CustomMetricId,2,int,NULL,NO,NULL,NO,dbo.CustomMetrics.Id
dbo,CustomMetricDataPoints,BASE TABLE,Date,3,datetime2,NULL,NO,NULL,NO,NULL
dbo,CustomMetricDataPoints,BASE TABLE,Value,4,float,NULL,NO,NULL,NO,NULL
dbo,CustomMetricDataPoints,BASE TABLE,Context,5,nvarchar,-1,YES,NULL,NO,NULL
dbo,CustomMetricDataPoints,BASE TABLE,CreatedAt,6,datetime2,NULL,NO,(getutcdate()),NO,NULL
dbo,CustomMetricGoals,BASE TABLE,Id,1,int,NULL,NO,NULL,YES,NULL
dbo,CustomMetricGoals,BASE TABLE,CustomMetricId,2,int,NULL,NO,NULL,NO,dbo.CustomMetrics.Id
dbo,CustomMetricGoals,BASE TABLE,TargetValue,3,float,NULL,NO,NULL,NO,NULL
dbo,CustomMetricGoals,BASE TABLE,TargetDate,4,datetime2,NULL,NO,NULL,NO,NULL
dbo,CustomMetricGoals,BASE TABLE,Notes,5,nvarchar,500,YES,NULL,NO,NULL
dbo,CustomMetricGoals,BASE TABLE,AchievedDate,6,datetime2,NULL,YES,NULL,NO,NULL
dbo,CustomMetricGoals,BASE TABLE,Status,7,nvarchar,20,NO,NULL,NO,NULL
dbo,CustomMetricGoals,BASE TABLE,CreatedAt,8,datetime2,NULL,NO,(getutcdate()),NO,NULL
dbo,CustomMetricGoals,BASE TABLE,UpdatedAt,9,datetime2,NULL,YES,NULL,NO,NULL
dbo,CustomMetrics,BASE TABLE,Id,1,int,NULL,NO,NULL,YES,NULL
dbo,CustomMetrics,BASE TABLE,UserId,2,nvarchar,450,NO,NULL,NO,dbo.AspNetUsers.Id
dbo,CustomMetrics,BASE TABLE,Name,3,nvarchar,200,NO,NULL,NO,NULL
dbo,CustomMetrics,BASE TABLE,Description,4,nvarchar,500,NO,NULL,NO,NULL
dbo,CustomMetrics,BASE TABLE,Formula,5,nvarchar,1000,NO,NULL,NO,NULL
dbo,CustomMetrics,BASE TABLE,Unit,6,nvarchar,50,NO,NULL,NO,NULL
dbo,CustomMetrics,BASE TABLE,Category,7,nvarchar,100,NO,NULL,NO,NULL
dbo,CustomMetrics,BASE TABLE,IsUserDefined,8,bit,NULL,NO,NULL,NO,NULL
dbo,CustomMetrics,BASE TABLE,IsActive,9,bit,NULL,NO,"(CONVERT([bit],(1)))",NO,NULL
dbo,CustomMetrics,BASE TABLE,CreatedAt,10,datetime2,NULL,NO,(getutcdate()),NO,NULL
dbo,CustomMetrics,BASE TABLE,LastCalculated,11,datetime2,NULL,YES,NULL,NO,NULL
dbo,CustomMetrics,BASE TABLE,CurrentValue,12,float,NULL,NO,NULL,NO,NULL
dbo,CustomMetrics,BASE TABLE,PreviousValue,13,float,NULL,NO,NULL,NO,NULL
dbo,CustomMetrics,BASE TABLE,ChangePercentage,14,float,NULL,NO,NULL,NO,NULL
dbo,CustomMetrics,BASE TABLE,UserId1,15,nvarchar,450,YES,NULL,NO,dbo.AspNetUsers.Id
dbo,DashboardPreferences,BASE TABLE,Id,1,int,NULL,NO,NULL,YES,NULL
dbo,DashboardPreferences,BASE TABLE,UserId,2,nvarchar,450,NO,NULL,NO,dbo.AspNetUsers.Id
dbo,DashboardPreferences,BASE TABLE,ShowViewsCard,3,bit,NULL,NO,NULL,NO,NULL
dbo,DashboardPreferences,BASE TABLE,ShowReviewsCard,4,bit,NULL,NO,NULL,NO,NULL
dbo,DashboardPreferences,BASE TABLE,ShowFavoritesCard,5,bit,NULL,NO,NULL,NO,NULL
dbo,DashboardPreferences,BASE TABLE,ShowEngagementCard,6,bit,NULL,NO,NULL,NO,NULL
dbo,DashboardPreferences,BASE TABLE,ShowPerformanceChart,7,bit,NULL,NO,NULL,NO,NULL
dbo,DashboardPreferences,BASE TABLE,ShowViewsChart,8,bit,NULL,NO,NULL,NO,NULL
dbo,DashboardPreferences,BASE TABLE,ShowReviewsChart,9,bit,NULL,NO,NULL,NO,NULL
dbo,DashboardPreferences,BASE TABLE,LayoutType,10,nvarchar,50,NO,NULL,NO,NULL
dbo,DashboardPreferences,BASE TABLE,RefreshInterval,11,int,NULL,NO,NULL,NO,NULL
dbo,DashboardPreferences,BASE TABLE,DefaultDateRange,12,nvarchar,10,NO,NULL,NO,NULL
dbo,DashboardPreferences,BASE TABLE,FocusedBusinessId,13,int,NULL,YES,NULL,NO,dbo.Businesses.Id
dbo,DashboardPreferences,BASE TABLE,LastUpdated,14,datetime2,NULL,NO,NULL,NO,NULL
dbo,ErrorLogs,BASE TABLE,Id,1,bigint,NULL,NO,NULL,YES,NULL
dbo,ErrorLogs,BASE TABLE,Timestamp,2,datetime2,NULL,NO,(getutcdate()),NO,NULL
dbo,ErrorLogs,BASE TABLE,ErrorType,3,nvarchar,50,NO,NULL,NO,NULL
dbo,ErrorLogs,BASE TABLE,Message,4,nvarchar,-1,NO,NULL,NO,NULL
dbo,ErrorLogs,BASE TABLE,StackTrace,5,nvarchar,-1,YES,NULL,NO,NULL
dbo,ErrorLogs,BASE TABLE,UserId,6,nvarchar,450,YES,NULL,NO,dbo.AspNetUsers.Id
dbo,ErrorLogs,BASE TABLE,RequestPath,7,nvarchar,500,YES,NULL,NO,NULL
dbo,ErrorLogs,BASE TABLE,UserAgent,8,nvarchar,1000,YES,NULL,NO,NULL
dbo,ErrorLogs,BASE TABLE,IpAddress,9,nvarchar,45,YES,NULL,NO,NULL
dbo,ErrorLogs,BASE TABLE,Severity,10,nvarchar,20,NO,NULL,NO,NULL
dbo,ErrorLogs,BASE TABLE,IsResolved,11,bit,NULL,NO,NULL,NO,NULL
dbo,ErrorLogs,BASE TABLE,ResolvedBy,12,nvarchar,450,YES,NULL,NO,dbo.AspNetUsers.Id
dbo,ErrorLogs,BASE TABLE,ResolvedAt,13,datetime2,NULL,YES,NULL,NO,NULL
dbo,ErrorLogs,BASE TABLE,Notes,14,nvarchar,-1,YES,NULL,NO,NULL
dbo,EventDetails,BASE TABLE,Id,1,int,NULL,NO,NULL,YES,NULL
dbo,EventDetails,BASE TABLE,EventType,2,nvarchar,100,YES,NULL,NO,NULL
dbo,EventDetails,BASE TABLE,StartDate,3,datetime2,NULL,NO,NULL,NO,NULL
dbo,EventDetails,BASE TABLE,EndDate,4,datetime2,NULL,YES,NULL,NO,NULL
dbo,EventDetails,BASE TABLE,StartTime,5,time,NULL,YES,NULL,NO,NULL
dbo,EventDetails,BASE TABLE,EndTime,6,time,NULL,YES,NULL,NO,NULL
dbo,EventDetails,BASE TABLE,IsRecurring,7,bit,NULL,NO,NULL,NO,NULL
dbo,EventDetails,BASE TABLE,RecurrencePattern,8,nvarchar,100,YES,NULL,NO,NULL
dbo,EventDetails,BASE TABLE,RecurrenceEndDate,9,datetime2,NULL,YES,NULL,NO,NULL
dbo,EventDetails,BASE TABLE,Venue,10,nvarchar,500,YES,NULL,NO,NULL
dbo,EventDetails,BASE TABLE,VenueAddress,11,nvarchar,500,YES,NULL,NO,NULL
dbo,EventDetails,BASE TABLE,MaxAttendees,12,int,NULL,YES,NULL,NO,NULL
dbo,EventDetails,BASE TABLE,ExpectedAttendance,13,int,NULL,YES,NULL,NO,NULL
dbo,EventDetails,BASE TABLE,TicketInfo,14,nvarchar,500,YES,NULL,NO,NULL
dbo,EventDetails,BASE TABLE,OrganizerContact,15,nvarchar,500,YES,NULL,NO,NULL
dbo,EventDetails,BASE TABLE,RequiresTickets,16,bit,NULL,NO,NULL,NO,NULL
dbo,EventDetails,BASE TABLE,IsFreeEvent,17,bit,NULL,NO,NULL,NO,NULL
dbo,EventDetails,BASE TABLE,EventProgram,18,nvarchar,1000,YES,NULL,NO,NULL
dbo,EventDetails,BASE TABLE,AgeRestrictions,19,nvarchar,500,YES,NULL,NO,NULL
dbo,EventDetails,BASE TABLE,HasParking,20,bit,NULL,NO,NULL,NO,NULL
dbo,EventDetails,BASE TABLE,HasRefreshments,21,bit,NULL,NO,NULL,NO,NULL
dbo,EventDetails,BASE TABLE,IsOutdoorEvent,22,bit,NULL,NO,NULL,NO,NULL
dbo,EventDetails,BASE TABLE,HasWeatherBackup,23,bit,NULL,NO,NULL,NO,NULL
dbo,EventDetails,BASE TABLE,EventStatus,24,nvarchar,-1,NO,NULL,NO,NULL
dbo,EventDetails,BASE TABLE,StatusNotes,25,nvarchar,500,YES,NULL,NO,NULL
dbo,EventDetails,BASE TABLE,BusinessId,26,int,NULL,NO,NULL,NO,dbo.Businesses.Id
dbo,EventDetails,BASE TABLE,CreatedAt,27,datetime2,NULL,NO,NULL,NO,NULL
dbo,EventDetails,BASE TABLE,UpdatedAt,28,datetime2,NULL,YES,NULL,NO,NULL
dbo,FavoriteBusinesses,BASE TABLE,Id,1,int,NULL,NO,NULL,YES,NULL
dbo,FavoriteBusinesses,BASE TABLE,UserId,2,nvarchar,450,NO,NULL,NO,dbo.AspNetUsers.Id
dbo,FavoriteBusinesses,BASE TABLE,BusinessId,3,int,NULL,NO,NULL,NO,dbo.Businesses.Id
dbo,FavoriteBusinesses,BASE TABLE,CreatedAt,4,datetime2,NULL,NO,(getutcdate()),NO,NULL
dbo,MarketDetails,BASE TABLE,Id,1,int,NULL,NO,NULL,YES,NULL
dbo,MarketDetails,BASE TABLE,MarketType,2,nvarchar,100,YES,NULL,NO,NULL
dbo,MarketDetails,BASE TABLE,IsRecurring,3,bit,NULL,NO,NULL,NO,NULL
dbo,MarketDetails,BASE TABLE,RecurrencePattern,4,nvarchar,100,YES,NULL,NO,NULL
dbo,MarketDetails,BASE TABLE,MarketDays,5,nvarchar,-1,YES,NULL,NO,NULL
dbo,MarketDetails,BASE TABLE,MarketStartTime,6,time,NULL,YES,NULL,NO,NULL
dbo,MarketDetails,BASE TABLE,MarketEndTime,7,time,NULL,YES,NULL,NO,NULL
dbo,MarketDetails,BASE TABLE,EstimatedVendorCount,8,int,NULL,YES,NULL,NO,NULL
dbo,MarketDetails,BASE TABLE,VendorTypes,9,nvarchar,500,YES,NULL,NO,NULL
dbo,MarketDetails,BASE TABLE,ParkingInfo,10,nvarchar,500,YES,NULL,NO,NULL
dbo,MarketDetails,BASE TABLE,SpecialEvents,11,nvarchar,500,YES,NULL,NO,NULL
dbo,MarketDetails,BASE TABLE,EntryFee,12,decimal,NULL,YES,NULL,NO,NULL
dbo,MarketDetails,BASE TABLE,HasRestrooms,13,bit,NULL,NO,NULL,NO,NULL
dbo,MarketDetails,BASE TABLE,HasFoodVendors,14,bit,NULL,NO,NULL,NO,NULL
dbo,MarketDetails,BASE TABLE,IsCoveredVenue,15,bit,NULL,NO,NULL,NO,NULL
dbo,MarketDetails,BASE TABLE,BusinessId,16,int,NULL,NO,NULL,NO,dbo.Businesses.Id
dbo,MarketDetails,BASE TABLE,CreatedAt,17,datetime2,NULL,NO,NULL,NO,NULL
dbo,MarketDetails,BASE TABLE,UpdatedAt,18,datetime2,NULL,YES,NULL,NO,NULL
dbo,PredictiveForecasts,BASE TABLE,Id,1,int,NULL,NO,NULL,YES,NULL
dbo,PredictiveForecasts,BASE TABLE,UserId,2,nvarchar,450,NO,NULL,NO,dbo.AspNetUsers.Id
dbo,PredictiveForecasts,BASE TABLE,BusinessId,3,int,NULL,YES,NULL,NO,dbo.Businesses.Id
dbo,PredictiveForecasts,BASE TABLE,MetricType,4,nvarchar,100,NO,NULL,NO,NULL
dbo,PredictiveForecasts,BASE TABLE,ForecastDate,5,datetime2,NULL,NO,NULL,NO,NULL
dbo,PredictiveForecasts,BASE TABLE,PredictedValue,6,float,NULL,NO,NULL,NO,NULL
dbo,PredictiveForecasts,BASE TABLE,LowerBound,7,float,NULL,NO,NULL,NO,NULL
dbo,PredictiveForecasts,BASE TABLE,UpperBound,8,float,NULL,NO,NULL,NO,NULL
dbo,PredictiveForecasts,BASE TABLE,Confidence,9,float,NULL,NO,NULL,NO,NULL
dbo,PredictiveForecasts,BASE TABLE,CreatedAt,10,datetime2,NULL,NO,(getutcdate()),NO,NULL
dbo,PredictiveForecasts,BASE TABLE,BusinessId1,11,int,NULL,YES,NULL,NO,dbo.Businesses.Id
dbo,PredictiveForecasts,BASE TABLE,UserId1,12,nvarchar,450,YES,NULL,NO,dbo.AspNetUsers.Id
dbo,PriceChangeHistory,BASE TABLE,Id,1,int,NULL,NO,NULL,YES,NULL
dbo,PriceChangeHistory,BASE TABLE,SubscriptionTierId,2,int,NULL,NO,NULL,NO,dbo.SubscriptionTiers.Id
dbo,PriceChangeHistory,BASE TABLE,OldPrice,3,decimal,NULL,NO,NULL,NO,NULL
dbo,PriceChangeHistory,BASE TABLE,NewPrice,4,decimal,NULL,NO,NULL,NO,NULL
dbo,PriceChangeHistory,BASE TABLE,ChangeDate,5,datetime2,NULL,NO,NULL,NO,NULL
dbo,PriceChangeHistory,BASE TABLE,ChangedById,6,nvarchar,450,NO,NULL,NO,dbo.AspNetUsers.Id
dbo,PriceChangeHistory,BASE TABLE,ChangeReason,7,nvarchar,-1,YES,NULL,NO,NULL
dbo,PriceChangeHistory,BASE TABLE,EffectiveDate,8,datetime2,NULL,YES,NULL,NO,NULL
dbo,PriceChangeHistory,BASE TABLE,NotificationSent,9,bit,NULL,NO,NULL,NO,NULL
dbo,RestaurantDetails,BASE TABLE,Id,1,int,NULL,NO,NULL,YES,NULL
dbo,RestaurantDetails,BASE TABLE,CuisineType,2,nvarchar,100,YES,NULL,NO,NULL
dbo,RestaurantDetails,BASE TABLE,PriceRange,3,nvarchar,20,YES,NULL,NO,NULL
dbo,RestaurantDetails,BASE TABLE,HasDelivery,4,bit,NULL,NO,NULL,NO,NULL
dbo,RestaurantDetails,BASE TABLE,HasTakeaway,5,bit,NULL,NO,NULL,NO,NULL
dbo,RestaurantDetails,BASE TABLE,AcceptsReservations,6,bit,NULL,NO,NULL,NO,NULL
dbo,RestaurantDetails,BASE TABLE,MaxGroupSize,7,int,NULL,YES,NULL,NO,NULL
dbo,RestaurantDetails,BASE TABLE,SeatingCapacity,8,int,NULL,YES,NULL,NO,NULL
dbo,RestaurantDetails,BASE TABLE,DietaryOptions,9,nvarchar,500,YES,NULL,NO,NULL
dbo,RestaurantDetails,BASE TABLE,MenuUrl,10,nvarchar,500,YES,NULL,NO,NULL
dbo,RestaurantDetails,BASE TABLE,HasKidsMenu,11,bit,NULL,NO,NULL,NO,NULL
dbo,RestaurantDetails,BASE TABLE,HasOutdoorSeating,12,bit,NULL,NO,NULL,NO,NULL
dbo,RestaurantDetails,BASE TABLE,HasPrivateDining,13,bit,NULL,NO,NULL,NO,NULL
dbo,RestaurantDetails,BASE TABLE,HasLiveMusic,14,bit,NULL,NO,NULL,NO,NULL
dbo,RestaurantDetails,BASE TABLE,SpecialFeatures,15,nvarchar,500,YES,NULL,NO,NULL
dbo,RestaurantDetails,BASE TABLE,ServesBreakfast,16,bit,NULL,NO,NULL,NO,NULL
dbo,RestaurantDetails,BASE TABLE,ServesLunch,17,bit,NULL,NO,NULL,NO,NULL
dbo,RestaurantDetails,BASE TABLE,ServesDinner,18,bit,NULL,NO,NULL,NO,NULL
dbo,RestaurantDetails,BASE TABLE,ServesAlcohol,19,bit,NULL,NO,NULL,NO,NULL
dbo,RestaurantDetails,BASE TABLE,BreakfastStart,20,time,NULL,YES,NULL,NO,NULL
dbo,RestaurantDetails,BASE TABLE,BreakfastEnd,21,time,NULL,YES,NULL,NO,NULL
dbo,RestaurantDetails,BASE TABLE,LunchStart,22,time,NULL,YES,NULL,NO,NULL
dbo,RestaurantDetails,BASE TABLE,LunchEnd,23,time,NULL,YES,NULL,NO,NULL
dbo,RestaurantDetails,BASE TABLE,DinnerStart,24,time,NULL,YES,NULL,NO,NULL
dbo,RestaurantDetails,BASE TABLE,DinnerEnd,25,time,NULL,YES,NULL,NO,NULL
dbo,RestaurantDetails,BASE TABLE,BusinessId,26,int,NULL,NO,NULL,NO,dbo.Businesses.Id
dbo,RestaurantDetails,BASE TABLE,CreatedAt,27,datetime2,NULL,NO,NULL,NO,NULL
dbo,RestaurantDetails,BASE TABLE,UpdatedAt,28,datetime2,NULL,YES,NULL,NO,NULL
dbo,SavedDashboardViews,BASE TABLE,Id,1,int,NULL,NO,NULL,YES,NULL
dbo,SavedDashboardViews,BASE TABLE,UserId,2,nvarchar,450,NO,NULL,NO,dbo.AspNetUsers.Id
dbo,SavedDashboardViews,BASE TABLE,Name,3,nvarchar,100,NO,NULL,NO,NULL
dbo,SavedDashboardViews,BASE TABLE,Description,4,nvarchar,500,NO,NULL,NO,NULL
dbo,SavedDashboardViews,BASE TABLE,DateRange,5,nvarchar,10,NO,NULL,NO,NULL
dbo,SavedDashboardViews,BASE TABLE,BusinessId,6,int,NULL,YES,NULL,NO,dbo.Businesses.Id
dbo,SavedDashboardViews,BASE TABLE,LayoutType,7,nvarchar,50,NO,NULL,NO,NULL
dbo,SavedDashboardViews,BASE TABLE,WidgetConfiguration,8,nvarchar,-1,NO,NULL,NO,NULL
dbo,SavedDashboardViews,BASE TABLE,IsDefault,9,bit,NULL,NO,NULL,NO,NULL
dbo,SavedDashboardViews,BASE TABLE,CreatedAt,10,datetime2,NULL,NO,NULL,NO,NULL
dbo,SavedDashboardViews,BASE TABLE,LastUsed,11,datetime2,NULL,NO,NULL,NO,NULL
dbo,SeasonalPatterns,BASE TABLE,Id,1,int,NULL,NO,NULL,YES,NULL
dbo,SeasonalPatterns,BASE TABLE,UserId,2,nvarchar,450,NO,NULL,NO,dbo.AspNetUsers.Id
dbo,SeasonalPatterns,BASE TABLE,BusinessId,3,int,NULL,YES,NULL,NO,dbo.Businesses.Id
dbo,SeasonalPatterns,BASE TABLE,MetricType,4,nvarchar,100,NO,NULL,NO,NULL
dbo,SeasonalPatterns,BASE TABLE,PatternType,5,nvarchar,20,NO,NULL,NO,NULL
dbo,SeasonalPatterns,BASE TABLE,Period,6,nvarchar,20,NO,NULL,NO,NULL
dbo,SeasonalPatterns,BASE TABLE,AverageValue,7,float,NULL,NO,NULL,NO,NULL
dbo,SeasonalPatterns,BASE TABLE,Deviation,8,float,NULL,NO,NULL,NO,NULL
dbo,SeasonalPatterns,BASE TABLE,Strength,9,float,NULL,NO,NULL,NO,NULL
dbo,SeasonalPatterns,BASE TABLE,CreatedAt,10,datetime2,NULL,NO,(getutcdate()),NO,NULL
dbo,SeasonalPatterns,BASE TABLE,BusinessId1,11,int,NULL,YES,NULL,NO,dbo.Businesses.Id
dbo,SeasonalPatterns,BASE TABLE,UserId1,12,nvarchar,450,YES,NULL,NO,dbo.AspNetUsers.Id
dbo,ServiceDefinitions,BASE TABLE,Id,1,int,NULL,NO,NULL,YES,NULL
dbo,ServiceDefinitions,BASE TABLE,Key,2,nvarchar,50,NO,NULL,NO,NULL
dbo,ServiceDefinitions,BASE TABLE,Name,3,nvarchar,100,NO,NULL,NO,NULL
dbo,ServiceDefinitions,BASE TABLE,IsActive,4,bit,NULL,NO,NULL,NO,NULL
dbo,ShopDetails,BASE TABLE,Id,1,int,NULL,NO,NULL,YES,NULL
dbo,ShopDetails,BASE TABLE,ShopType,2,nvarchar,100,YES,NULL,NO,NULL
dbo,ShopDetails,BASE TABLE,ShopSize,3,nvarchar,50,YES,NULL,NO,NULL
dbo,ShopDetails,BASE TABLE,BrandNames,4,nvarchar,500,YES,NULL,NO,NULL
dbo,ShopDetails,BASE TABLE,PriceRange,5,nvarchar,50,YES,NULL,NO,NULL
dbo,ShopDetails,BASE TABLE,Specialties,6,nvarchar,1000,YES,NULL,NO,NULL
dbo,ShopDetails,BASE TABLE,HasOnlineStore,7,bit,NULL,NO,NULL,NO,NULL
dbo,ShopDetails,BASE TABLE,OffersLayaway,8,bit,NULL,NO,NULL,NO,NULL
dbo,ShopDetails,BASE TABLE,HasFittingRoom,9,bit,NULL,NO,NULL,NO,NULL
dbo,ShopDetails,BASE TABLE,OffersRepairs,10,bit,NULL,NO,NULL,NO,NULL
dbo,ShopDetails,BASE TABLE,HasLoyaltyProgram,11,bit,NULL,NO,NULL,NO,NULL
dbo,ShopDetails,BASE TABLE,AcceptsReturns,12,bit,NULL,NO,NULL,NO,NULL
dbo,ShopDetails,BASE TABLE,BusinessId,13,int,NULL,NO,NULL,NO,dbo.Businesses.Id
dbo,ShopDetails,BASE TABLE,CreatedAt,14,datetime2,NULL,NO,NULL,NO,NULL
dbo,ShopDetails,BASE TABLE,UpdatedAt,15,datetime2,NULL,YES,NULL,NO,NULL
dbo,SpecialOperatingHours,BASE TABLE,Id,1,int,NULL,NO,NULL,YES,NULL
dbo,SpecialOperatingHours,BASE TABLE,BusinessId,2,int,NULL,NO,NULL,NO,dbo.Businesses.Id
dbo,SpecialOperatingHours,BASE TABLE,Date,3,datetime2,NULL,NO,NULL,NO,NULL
dbo,SpecialOperatingHours,BASE TABLE,OpenTime,4,time,NULL,YES,NULL,NO,NULL
dbo,SpecialOperatingHours,BASE TABLE,CloseTime,5,time,NULL,YES,NULL,NO,NULL
dbo,SpecialOperatingHours,BASE TABLE,IsClosed,6,bit,NULL,NO,NULL,NO,NULL
dbo,SpecialOperatingHours,BASE TABLE,Reason,7,nvarchar,200,YES,NULL,NO,NULL
dbo,SpecialOperatingHours,BASE TABLE,Notes,8,nvarchar,500,YES,NULL,NO,NULL
dbo,Subscriptions,BASE TABLE,Id,1,int,NULL,NO,NULL,YES,NULL
dbo,Subscriptions,BASE TABLE,UserId,2,nvarchar,450,NO,NULL,NO,dbo.AspNetUsers.Id
dbo,Subscriptions,BASE TABLE,SubscriptionTierId,3,int,NULL,NO,NULL,NO,dbo.SubscriptionTiers.Id
dbo,Subscriptions,BASE TABLE,MonthlyPrice,4,decimal,NULL,NO,NULL,NO,NULL
dbo,Subscriptions,BASE TABLE,StartDate,5,datetime2,NULL,NO,NULL,NO,NULL
dbo,Subscriptions,BASE TABLE,EndDate,6,datetime2,NULL,YES,NULL,NO,NULL
dbo,Subscriptions,BASE TABLE,IsActive,7,bit,NULL,NO,NULL,NO,NULL
dbo,Subscriptions,BASE TABLE,PayFastToken,8,nvarchar,-1,YES,NULL,NO,NULL
dbo,Subscriptions,BASE TABLE,PayFastPaymentId,9,nvarchar,-1,YES,NULL,NO,NULL
dbo,Subscriptions,BASE TABLE,LastPaymentDate,10,datetime2,NULL,YES,NULL,NO,NULL
dbo,Subscriptions,BASE TABLE,NextBillingDate,11,datetime2,NULL,YES,NULL,NO,NULL
dbo,Subscriptions,BASE TABLE,PaymentStatus,12,nvarchar,-1,NO,NULL,NO,NULL
dbo,SubscriptionTierFeatures,BASE TABLE,Id,1,int,NULL,NO,NULL,YES,NULL
dbo,SubscriptionTierFeatures,BASE TABLE,SubscriptionTierId,2,int,NULL,NO,NULL,NO,dbo.SubscriptionTiers.Id
dbo,SubscriptionTierFeatures,BASE TABLE,FeatureKey,3,nvarchar,50,NO,NULL,NO,NULL
dbo,SubscriptionTierFeatures,BASE TABLE,IsEnabled,4,bit,NULL,NO,NULL,NO,NULL
dbo,SubscriptionTierFeatures,BASE TABLE,FeatureName,5,nvarchar,100,YES,NULL,NO,NULL
dbo,SubscriptionTierFeatures,BASE TABLE,Description,6,nvarchar,-1,YES,NULL,NO,NULL
dbo,SubscriptionTierLimits,BASE TABLE,Id,1,int,NULL,NO,NULL,YES,NULL
dbo,SubscriptionTierLimits,BASE TABLE,SubscriptionTierId,2,int,NULL,NO,NULL,NO,dbo.SubscriptionTiers.Id
dbo,SubscriptionTierLimits,BASE TABLE,LimitType,3,nvarchar,50,NO,NULL,NO,NULL
dbo,SubscriptionTierLimits,BASE TABLE,LimitValue,4,int,NULL,NO,NULL,NO,NULL
dbo,SubscriptionTierLimits,BASE TABLE,Description,5,nvarchar,-1,YES,NULL,NO,NULL
dbo,SubscriptionTiers,BASE TABLE,Id,1,int,NULL,NO,NULL,YES,NULL
dbo,SubscriptionTiers,BASE TABLE,Name,2,nvarchar,50,NO,NULL,NO,NULL
dbo,SubscriptionTiers,BASE TABLE,DisplayName,3,nvarchar,100,NO,NULL,NO,NULL
dbo,SubscriptionTiers,BASE TABLE,Description,4,nvarchar,500,NO,NULL,NO,NULL
dbo,SubscriptionTiers,BASE TABLE,MonthlyPrice,5,decimal,NULL,NO,NULL,NO,NULL
dbo,SubscriptionTiers,BASE TABLE,IsActive,6,bit,NULL,NO,NULL,NO,NULL
dbo,SubscriptionTiers,BASE TABLE,SortOrder,7,int,NULL,NO,NULL,NO,NULL
dbo,SubscriptionTiers,BASE TABLE,CreatedAt,8,datetime2,NULL,NO,NULL,NO,NULL
dbo,SubscriptionTiers,BASE TABLE,UpdatedAt,9,datetime2,NULL,YES,NULL,NO,NULL
dbo,SubscriptionTiers,BASE TABLE,UpdatedById,10,nvarchar,450,YES,NULL,NO,dbo.AspNetUsers.Id
dbo,sysdiagrams,BASE TABLE,name,1,nvarchar,128,NO,NULL,NO,NULL
dbo,sysdiagrams,BASE TABLE,principal_id,2,int,NULL,NO,NULL,NO,NULL
dbo,sysdiagrams,BASE TABLE,diagram_id,3,int,NULL,NO,NULL,YES,NULL
dbo,sysdiagrams,BASE TABLE,version,4,int,NULL,YES,NULL,NO,NULL
dbo,sysdiagrams,BASE TABLE,definition,5,varbinary,-1,YES,NULL,NO,NULL
dbo,TourDetails,BASE TABLE,Id,1,int,NULL,NO,NULL,YES,NULL
dbo,TourDetails,BASE TABLE,TourType,2,nvarchar,100,YES,NULL,NO,NULL
dbo,TourDetails,BASE TABLE,Duration,3,nvarchar,100,YES,NULL,NO,NULL
dbo,TourDetails,BASE TABLE,MaxGroupSize,4,int,NULL,YES,NULL,NO,NULL
dbo,TourDetails,BASE TABLE,MinGroupSize,5,int,NULL,YES,NULL,NO,NULL
dbo,TourDetails,BASE TABLE,MinAge,6,int,NULL,YES,NULL,NO,NULL
dbo,TourDetails,BASE TABLE,MaxAge,7,int,NULL,YES,NULL,NO,NULL
dbo,TourDetails,BASE TABLE,DifficultyLevel,8,nvarchar,100,YES,NULL,NO,NULL
dbo,TourDetails,BASE TABLE,DepartureLocation,9,nvarchar,500,YES,NULL,NO,NULL
dbo,TourDetails,BASE TABLE,Itinerary,10,nvarchar,2000,YES,NULL,NO,NULL
dbo,TourDetails,BASE TABLE,IncludedItems,11,nvarchar,1000,YES,NULL,NO,NULL
dbo,TourDetails,BASE TABLE,ExcludedItems,12,nvarchar,1000,YES,NULL,NO,NULL
dbo,TourDetails,BASE TABLE,RequiredEquipment,13,nvarchar,500,YES,NULL,NO,NULL
dbo,TourDetails,BASE TABLE,PricingInfo,14,nvarchar,500,YES,NULL,NO,NULL
dbo,TourDetails,BASE TABLE,RequiresBooking,15,bit,NULL,NO,NULL,NO,NULL
dbo,TourDetails,BASE TABLE,AdvanceBookingDays,16,int,NULL,YES,NULL,NO,NULL
dbo,TourDetails,BASE TABLE,AvailableDays,17,nvarchar,-1,YES,NULL,NO,NULL
dbo,TourDetails,BASE TABLE,AvailableSeasons,18,nvarchar,-1,YES,NULL,NO,NULL
dbo,TourDetails,BASE TABLE,IsWeatherDependent,19,bit,NULL,NO,NULL,NO,NULL
dbo,TourDetails,BASE TABLE,HasInsurance,20,bit,NULL,NO,NULL,NO,NULL
dbo,TourDetails,BASE TABLE,IsAccessible,21,bit,NULL,NO,NULL,NO,NULL
dbo,TourDetails,BASE TABLE,BusinessId,22,int,NULL,NO,NULL,NO,dbo.Businesses.Id
dbo,TourDetails,BASE TABLE,CreatedAt,23,datetime2,NULL,NO,NULL,NO,NULL
dbo,TourDetails,BASE TABLE,UpdatedAt,24,datetime2,NULL,YES,NULL,NO,NULL
dbo,Towns,BASE TABLE,Id,1,int,NULL,NO,NULL,YES,NULL
dbo,Towns,BASE TABLE,Name,2,nvarchar,100,NO,NULL,NO,NULL
dbo,Towns,BASE TABLE,Province,3,nvarchar,100,NO,NULL,NO,NULL
dbo,Towns,BASE TABLE,PostalCode,4,nvarchar,10,YES,NULL,NO,NULL
dbo,Towns,BASE TABLE,Description,5,nvarchar,500,YES,NULL,NO,NULL
dbo,Towns,BASE TABLE,Population,6,int,NULL,YES,NULL,NO,NULL
dbo,Towns,BASE TABLE,Landmarks,7,nvarchar,1000,YES,NULL,NO,NULL
dbo,Towns,BASE TABLE,Latitude,8,float,NULL,YES,NULL,NO,NULL
dbo,Towns,BASE TABLE,Longitude,9,float,NULL,YES,NULL,NO,NULL
dbo,Towns,BASE TABLE,IsActive,10,bit,NULL,NO,NULL,NO,NULL
dbo,Towns,BASE TABLE,CreatedAt,11,datetime2,NULL,NO,(getutcdate()),NO,NULL
dbo,Towns,BASE TABLE,UpdatedAt,12,datetime2,NULL,YES,NULL,NO,NULL
dbo,TrialAuditLogs,BASE TABLE,Id,1,int,NULL,NO,NULL,YES,NULL
dbo,TrialAuditLogs,BASE TABLE,UserId,2,nvarchar,450,NO,NULL,NO,dbo.AspNetUsers.Id
dbo,TrialAuditLogs,BASE TABLE,Action,3,nvarchar,50,NO,NULL,NO,NULL
dbo,TrialAuditLogs,BASE TABLE,Timestamp,4,datetime2,NULL,NO,(getutcdate()),NO,NULL
dbo,TrialAuditLogs,BASE TABLE,Details,5,nvarchar,1000,YES,NULL,NO,NULL
dbo,TrialAuditLogs,BASE TABLE,IpAddress,6,nvarchar,45,YES,NULL,NO,NULL
dbo,TrialAuditLogs,BASE TABLE,UserAgent,7,nvarchar,500,YES,NULL,NO,NULL
dbo,TrialAuditLogs,BASE TABLE,TrialStartTicks,8,bigint,NULL,YES,NULL,NO,NULL
dbo,TrialAuditLogs,BASE TABLE,TrialEndTicks,9,bigint,NULL,YES,NULL,NO,NULL
dbo,TrialAuditLogs,BASE TABLE,DaysRemaining,10,int,NULL,YES,NULL,NO,NULL
dbo,TrialAuditLogs,BASE TABLE,CheckCount,11,int,NULL,YES,NULL,NO,NULL
